Submethod,PSNR,SSIM,LPIPS,Size [Bytes],#Gaussians
GSICO-3DGS-low-rate,28.666046142578125,0.8879755139350891,0.2720862030982971,11865717,938752
GSICO-3DGS-high-rate,28.614601135253906,0.8869044780731201,0.27398526668548584,9746197,938752
GSICO-Scaffold-low-rate,29.63071632385254,0.9039513468742371,0.256076842546463,6973170,198144
GSICO-Scaffold-high-rate,29.546358108520508,0.901206374168396,0.2590774893760681,6436083,198144
