{
 "ours_30000": {
  "SSIM": {
   "00000.png": 0.9231259226799011,
   "00001.png": 0.9135690331459045,
   "00002.png": 0.8896827101707458,
   "00003.png": 0.8689234852790833,
   "00004.png": 0.8801289200782776,
   "00005.png": 0.885000467300415,
   "00006.png": 0.8987902402877808,
   "00007.png": 0.851328432559967,
   "00008.png": 0.8764869570732117,
   "00009.png": 0.9210814833641052,
   "00010.png": 0.8830410838127136,
   "00011.png": 0.8914276957511902,
   "00012.png": 0.9018846154212952,
   "00013.png": 0.9178485870361328,
   "00014.png": 0.8878746628761292,
   "00015.png": 0.8588484525680542,
   "00016.png": 0.8744831681251526,
   "00017.png": 0.8757601380348206,
   "00018.png": 0.8486995100975037,
   "00019.png": 0.8740051984786987,
   "00020.png": 0.8947744369506836,
   "00021.png": 0.8785429000854492,
   "00022.png": 0.9028852581977844,
   "00023.png": 0.9057948589324951,
   "00024.png": 0.9026899933815002,
   "00025.png": 0.9050689935684204,
   "00026.png": 0.894941508769989,
   "00027.png": 0.8314238786697388,
   "00028.png": 0.8759765625,
   "00029.png": 0.8661209940910339,
   "00030.png": 0.8937801122665405,
   "00031.png": 0.9022706151008606
  },
  "PSNR": {
   "00000.png": 27.01319694519043,
   "00001.png": 26.81309700012207,
   "00002.png": 25.76490592956543,
   "00003.png": 26.009586334228516,
   "00004.png": 26.200368881225586,
   "00005.png": 26.55859375,
   "00006.png": 27.012203216552734,
   "00007.png": 24.4949951171875,
   "00008.png": 24.301584243774414,
   "00009.png": 27.23031234741211,
   "00010.png": 26.23560905456543,
   "00011.png": 25.39447021484375,
   "00012.png": 25.508920669555664,
   "00013.png": 26.787527084350586,
   "00014.png": 25.456405639648438,
   "00015.png": 24.17374038696289,
   "00016.png": 26.103965759277344,
   "00017.png": 25.16059684753418,
   "00018.png": 26.115768432617188,
   "00019.png": 23.80008316040039,
   "00020.png": 26.633594512939453,
   "00021.png": 25.215007781982422,
   "00022.png": 27.29320526123047,
   "00023.png": 27.849735260009766,
   "00024.png": 27.99456024169922,
   "00025.png": 26.61083984375,
   "00026.png": 25.967105865478516,
   "00027.png": 21.974090576171875,
   "00028.png": 24.38046646118164,
   "00029.png": 24.7333927154541,
   "00030.png": 25.534265518188477,
   "00031.png": 26.057395935058594
  },
  "LPIPS": {
   "00000.png": 0.10323571413755417,
   "00001.png": 0.10436257719993591,
   "00002.png": 0.09888993203639984,
   "00003.png": 0.1431458294391632,
   "00004.png": 0.13375334441661835,
   "00005.png": 0.11487672477960587,
   "00006.png": 0.12756478786468506,
   "00007.png": 0.14184755086898804,
   "00008.png": 0.15049365162849426,
   "00009.png": 0.1415693759918213,
   "00010.png": 0.17681574821472168,
   "00011.png": 0.1186838448047638,
   "00012.png": 0.10623084753751755,
   "00013.png": 0.11520560085773468,
   "00014.png": 0.12813840806484222,
   "00015.png": 0.15730300545692444,
   "00016.png": 0.15661656856536865,
   "00017.png": 0.12160003185272217,
   "00018.png": 0.13656288385391235,
   "00019.png": 0.17321810126304626,
   "00020.png": 0.1892518848180771,
   "00021.png": 0.13478627800941467,
   "00022.png": 0.13646520674228668,
   "00023.png": 0.16340619325637817,
   "00024.png": 0.18106549978256226,
   "00025.png": 0.12821362912654877,
   "00026.png": 0.10932034254074097,
   "00027.png": 0.16251514852046967,
   "00028.png": 0.14119969308376312,
   "00029.png": 0.16644179821014404,
   "00030.png": 0.1376173496246338,
   "00031.png": 0.15720722079277039
  }
 }
}