{
 "ours_30000": {
  "SSIM": 0.8867581486701965,
  "PSNR": 25.824359893798828,
  "LPIPS": 0.139300137758255
 }
}