{
 "ours_30000": {
  "SSIM": {
   "00000.png": 0.9114978909492493,
   "00001.png": 0.9167624711990356,
   "00002.png": 0.8803752064704895,
   "00003.png": 0.8674759864807129,
   "00004.png": 0.8762769103050232,
   "00005.png": 0.8815386891365051,
   "00006.png": 0.8975860476493835,
   "00007.png": 0.8569809198379517,
   "00008.png": 0.8746899366378784,
   "00009.png": 0.921673059463501,
   "00010.png": 0.8869264721870422,
   "00011.png": 0.8923149108886719,
   "00012.png": 0.8994017839431763,
   "00013.png": 0.9145249128341675,
   "00014.png": 0.8879809379577637,
   "00015.png": 0.8543331027030945,
   "00016.png": 0.8771740198135376,
   "00017.png": 0.8777427077293396,
   "00018.png": 0.8534764051437378,
   "00019.png": 0.877072274684906,
   "00020.png": 0.8927040696144104,
   "00021.png": 0.8751062154769897,
   "00022.png": 0.896487295627594,
   "00023.png": 0.9007108807563782,
   "00024.png": 0.9036922454833984,
   "00025.png": 0.9063118696212769,
   "00026.png": 0.8897935748100281,
   "00027.png": 0.835869312286377,
   "00028.png": 0.8779549598693848,
   "00029.png": 0.8649393320083618,
   "00030.png": 0.8962985277175903,
   "00031.png": 0.89848393201828
  },
  "PSNR": {
   "00000.png": 26.430986404418945,
   "00001.png": 26.795310974121094,
   "00002.png": 25.351179122924805,
   "00003.png": 25.940208435058594,
   "00004.png": 25.813995361328125,
   "00005.png": 26.353883743286133,
   "00006.png": 26.866838455200195,
   "00007.png": 25.017749786376953,
   "00008.png": 24.45957374572754,
   "00009.png": 28.035053253173828,
   "00010.png": 26.485986709594727,
   "00011.png": 25.31222915649414,
   "00012.png": 25.40569496154785,
   "00013.png": 26.51268768310547,
   "00014.png": 25.21673583984375,
   "00015.png": 24.146100997924805,
   "00016.png": 26.263608932495117,
   "00017.png": 25.67571449279785,
   "00018.png": 26.380279541015625,
   "00019.png": 24.414501190185547,
   "00020.png": 26.62264060974121,
   "00021.png": 25.596149444580078,
   "00022.png": 27.183427810668945,
   "00023.png": 27.282020568847656,
   "00024.png": 28.887245178222656,
   "00025.png": 27.012523651123047,
   "00026.png": 25.881591796875,
   "00027.png": 22.477859497070312,
   "00028.png": 24.943069458007812,
   "00029.png": 24.371524810791016,
   "00030.png": 25.96498680114746,
   "00031.png": 25.889625549316406
  },
  "LPIPS": {
   "00000.png": 0.11144797503948212,
   "00001.png": 0.10835009813308716,
   "00002.png": 0.10924981534481049,
   "00003.png": 0.14845573902130127,
   "00004.png": 0.14082449674606323,
   "00005.png": 0.1240048035979271,
   "00006.png": 0.13061869144439697,
   "00007.png": 0.14047721028327942,
   "00008.png": 0.15307743847370148,
   "00009.png": 0.14532865583896637,
   "00010.png": 0.17534638941287994,
   "00011.png": 0.12570464611053467,
   "00012.png": 0.11203853040933609,
   "00013.png": 0.11828365921974182,
   "00014.png": 0.1280849277973175,
   "00015.png": 0.1563161015510559,
   "00016.png": 0.15867528319358826,
   "00017.png": 0.12230847775936127,
   "00018.png": 0.14088717103004456,
   "00019.png": 0.18403761088848114,
   "00020.png": 0.19327421486377716,
   "00021.png": 0.14779293537139893,
   "00022.png": 0.14371691644191742,
   "00023.png": 0.1654740869998932,
   "00024.png": 0.1865200400352478,
   "00025.png": 0.13081564009189606,
   "00026.png": 0.1168760359287262,
   "00027.png": 0.18026429414749146,
   "00028.png": 0.1412658840417862,
   "00029.png": 0.17734862864017487,
   "00030.png": 0.14471080899238586,
   "00031.png": 0.15870194137096405
  },
  "VISIBLE_COUNT": {
   "00000.png": 454688,
   "00001.png": 438198,
   "00002.png": 406126,
   "00003.png": 264757,
   "00004.png": 343698,
   "00005.png": 378546,
   "00006.png": 349422,
   "00007.png": 374561,
   "00008.png": 406007,
   "00009.png": 329962,
   "00010.png": 365067,
   "00011.png": 384165,
   "00012.png": 413498,
   "00013.png": 430090,
   "00014.png": 420292,
   "00015.png": 436785,
   "00016.png": 427597,
   "00017.png": 353552,
   "00018.png": 318766,
   "00019.png": 279504,
   "00020.png": 274256,
   "00021.png": 341894,
   "00022.png": 341313,
   "00023.png": 317891,
   "00024.png": 282208,
   "00025.png": 412093,
   "00026.png": 343222,
   "00027.png": 295907,
   "00028.png": 396979,
   "00029.png": 336937,
   "00030.png": 367413,
   "00031.png": 403003
  }
 }
}