{
 "ours_30000": {
  "SSIM": 0.8857549428939819,
  "PSNR": 25.905967712402344,
  "LPIPS": 0.14438371360301971
 }
}