Submethod,PSNR,SSIM,LPIPS,Size [Bytes],#Gaussians
GSICO-high-rate,32.03177261352539,0.9383496642112732,0.20970064401626587,13572804,
GSICO-low-rate,31.846210479736328,0.9361013174057007,0.21212238073349,12593701,
