Submethod,PSNR,SSIM,LPIPS,Size [Bytes],#Gaussians
GSICO-3DGS-low-rate,27.97300910949707,0.883314311504364,0.21633528172969818,12309476,974080
GSICO-3DGS-high-rate,27.710420608520508,0.877219021320343,0.2225625067949295,10319660,974080
GSICO-Scaffold-low-rate,29.015199661254883,0.9024021029472351,0.2096005082130432,10020065,283392
GSICO-Scaffold-high-rate,28.923656463623047,0.8994333148002625,0.21205194294452667,9324467,283392
