Submethod,PSNR,SSIM,LPIPS,Size [Bytes],#Gaussians
GSICO-high-rate,21.093708038330078,0.5727717876434326,0.3584231436252594,25222582,
GSICO-low-rate,20.7788028717041,0.5515093207359314,0.367587685585022,23099720,
