Submethod,PSNR,SSIM,LPIPS,Size [Bytes],#Gaussians
GSICO-3DGS-low-rate,26.80376625061035,0.8494803309440613,0.13168743252754211,53294118,4284670
GSICO-3DGS-high-rate,26.645729064941406,0.8424385190010071,0.14050815999507904,44494356,4284670
GSICO-Scaffold-low-rate,26.90906524658203,0.8424714207649231,0.13533611595630646,25711794,738816
GSICO-Scaffold-high-rate,26.666685104370117,0.8289657235145569,0.14357173442840576,23689649,738816
