Submethod,PSNR,SSIM,LPIPS,Size [Bytes],#Gaussians
GSICO-high-rate,31.044504165649414,0.9211759567260742,0.13362936675548553,11897477,
GSICO-low-rate,30.908952713012695,0.9188197255134583,0.13571281731128693,10990629,
