Submethod,PSNR,SSIM,LPIPS,Size [Bytes],#Gaussians
GSICO-high-rate,31.59498405456543,0.9150972366333008,0.2187374085187912,9324523,
GSICO-low-rate,31.403636932373047,0.9102963209152222,0.22286777198314667,8554897,
