Submethod,PSNR,SSIM,LPIPS,Size [Bytes],#Gaussians
GSICO-high-rate,22.232406616210938,0.8160799145698547,0.21075673401355743,8845237,
GSICO-low-rate,22.14286231994629,0.8129805326461792,0.21398867666721344,7255858,
