Submethod,PSNR,SSIM,LPIPS,Size [Bytes],#Gaussians
GSICO-3DGS-low-rate,29.63532257080078,0.8925978541374207,0.2587053179740906,10738217,861184
GSICO-3DGS-high-rate,29.557615280151367,0.8915835022926331,0.26086682081222534,8735386,861184
GSICO-Scaffold-low-rate,30.728166580200195,0.9097223877906799,0.25637590885162354,5585542,164352
GSICO-Scaffold-high-rate,30.651262283325195,0.9081240296363831,0.258272647857666,5176055,164352
